station_id	station_name	station_code	cli_red_id	type	municipio	prov	coord_x	coord_y	elev	epsg	status	record_start	record_end	station_variables_id
1	Jeres del Marquesado	EARM10	1		JEREZ DEL MARQUESADO	GRANADA	484728	4115625	1258	25830	ACTIVO	18/08/1999 00:00:00	07/04/2020 00:00:00	11/28/49/53/64/70/79
2	Alhama	EARM20	1		ALHAMA DE ALMERIA	ALMERIA	541059	4090647	364	25830	ACTIVO	18/09/1999 00:00:00	08/08/2019 00:00:00	11/49/64/70/79/28/53
3	Soportujar	EARM27	1		SOPORTUJAR	GRANADA	463599	4090072	1461	25830	ACTIVO	10/09/1999 00:00:00	16/09/2019 00:00:00	11/28/49/53/64/70/79
4	Abla	EARM12	1		ABLA	ALMERIA	520402	4111205	910	25830	NO ACTIVO	24/09/1997 00:00:00	09/09/2006 00:00:00	11/28/49/53/64/70/79
5	Puerto Lobo	EARM09	1		VIZNAR	GRANADA	452607	4121457	1254	25830	NO ACTIVO	22/07/1997 00:00:00	26/08/2009 00:00:00	49/64/11/28/53/70/79
6	Abla, Venta Victoria	6301U	2		ABRUCENA	ALMERIA	517106.66	4111905.25	830	25830	ACTIVO	01/04/1987 00:00:00	31/05/2002 00:00:00	29/30/31/32/33/34/35/47/48
7	Abrucena	6302	2		ABRUCENA	ALMERIA	518221.34	4109750.5	975	25830	NO ACTIVO	01/09/1954 00:00:00	31/01/1987 00:00:00	29/30/31/32/33/34/35/47/48
8	Agrón-Fatimbullar	5557O	2		AGRON	GRANADA	429758.56	4095268.5	1220	25830	NO ACTIVO	01/01/1987 00:00:00	31/12/1994 00:00:00	29/30/31/32/33/34/35/47/48
9	Alboloduy	6306	2		ALBOLODUY	ALMERIA	533686.5	4098704	460	25830	ACTIVO	01/01/1965 00:00:00	28/02/2009 00:00:00	29/30/31/32/33/34/35/47/48
10	Albolote	5522	14		ALBOLOTE	GRANADA	441799.38	4119485.5	654	25830	ACTIVO	01/12/1985 00:00:00	31/07/2010 00:00:00	29/30/31/32/33/34/35/47/48
11	Albondón	6274U	2		ALBONDON	GRANADA	481137	4076193	976	25830	ACTIVO	01/07/1986 00:00:00	31/10/2019 00:00:00	60/62/29/30/31/32/33/34/35/43/47/48
12	Albuñol a Órjiva, C.P.C.	6273	2		POLOPOS	GRANADA	472584.44	4074337	1240	25830	ACTIVO	01/01/1961 00:00:00	31/12/2004 00:00:00	29/30/31/32/33/34/35/47/48
13	Albuñuelas	6254E	2		ALBUÑUELAS	GRANADA	443679	4087114	730	25830	NO ACTIVO	01/02/1961 00:00:00	30/11/1986 00:00:00	29/30/31/32/33/34/35/47/48
14	Alcolea	6278	2		ALCOLEA	ALMERIA	504042.94	4091242.25	739	25830	NO ACTIVO	01/11/1950 00:00:00	31/07/1975 00:00:00	29/30/31/32/33/34/35/47/48
15	Aldeire	5108	14		ALDEIRE	GRANADA	493673.47	4112660.75	1277	25830	ACTIVO	01/12/1985 00:00:00	31/05/2004 00:00:00	29/30/31/32/33/34/35/47/48
16	Aldeire, I.N.M.	5108A	2		ALDEIRE	GRANADA	493705	4113030	1271	25830	ACTIVO	01/08/1990 00:00:00	30/06/2016 00:00:00	29/30/31/32/33/34/35/43/47/48/60/62
17	Aldeire, Peña Forestal	5106	2		ALDEIRE	GRANADA	492685.91	4111583	1450	25830	NO ACTIVO	01/01/1983 00:00:00	31/07/1990 00:00:00	29/30/31/32/33/34/35/43/47/48
18	Alhama de Almería	6314	2		ALHAMA DE ALMERIA	ALMERIA	538419.06	4090249.75	520	25830	NO ACTIVO	01/01/1961 00:00:00	30/06/2000 00:00:00	29/30/31/32/33/34/35/43/47/48/60/62
19	Alhama de Almería, La Zarba	6313	2		ENIX	ALMERIA	532451.31	4085756.5	1219	25830	ACTIVO	01/01/1961 00:00:00	30/11/2012 00:00:00	29/30/31/32/33/34/35/47/48
20	Alhendín, C. de Aguas	5520A	2		ALHENDIN	GRANADA	442938.28	4107064.75	730	25830	NO ACTIVO	01/01/1989 00:00:00	30/04/2007 00:00:00	29/30/31/32/33/34/35/43/47/48
21	Alhendín, I.N.M.	5520	2		ALHENDIN	GRANADA	442888.7	4106845.79	739	25830	ACTIVO	01/02/1966 00:00:00	31/12/2019 00:00:00	29/30/31/32/33/34/35/43/47/48
22	Alquife, Ms. del Marquesado	5109E	2		ALQUIFE	GRANADA	490471.22	4116361.75	1150	25830	NO ACTIVO	01/02/1976 00:00:00	31/03/1989 00:00:00	60/62/29/30/31/32/33/34/35/47/48
23	Arquilla	6257I	2		LANJARON	GRANADA	457223.31	4089284.5	1652	25830	ACTIVO	01/01/1989 00:00:00	31/12/2017 00:00:00	29/30/31/32/33/34/35/43/47/48/60/62
24	Atarfe, SEA	5524A	2		ATARFE	GRANADA	438967.34	4119813.75	610	25830	NO ACTIVO	01/02/1971 00:00:00	31/01/1995 00:00:00	29/30/31/32/33/34/35/43/47/48/60/62
25	Bayarcal	6279	13		BAYARCAL	ALMERIA	500333.53	4098174.75	1260	25830	ACTIVO	01/08/1964 00:00:00	31/12/2012 00:00:00	29/30/31/32/33/34/35/43/47/48
26	Baza, El Tesorero	5043E	2		BAZA	GRANADA	524579.94	4124441.5	1540	25830	NO ACTIVO	01/04/1984 00:00:00	31/10/1998 00:00:00	29/30/31/32/33/34/35/43/47/48
27	Beas de Granada, Puertoblanco	5505	2		BEAS DE GRANADA	GRANADA	460291.75	4121072.75	1320	25830	NO ACTIVO	01/03/1955 00:00:00	31/12/1974 00:00:00	29/30/31/32/33/34/35/43/47/48
28	Benalua de Guadix	5113	2		BENALUA DE GUADIX	GRANADA	485324.88	4134089	865	25830	NO ACTIVO	01/01/1991 00:00:00	31/05/1991 00:00:00	29/30/31/32/33/34/35/47/48
29	Benalua de Guadix Zayete	5113A	2		BENALUA DE GUADIX	GRANADA	484651	4134182	842	25830	ACTIVO	01/10/1986 00:00:00	31/12/2010 00:00:00	29/30/31/32/33/34/35/47/48/60/62
30	Beninar	6283	2		BERJA	ALMERIA	497611.19	4081997	313	25830	NO ACTIVO	01/01/1961 00:00:00	30/09/1985 00:00:00	29/30/31/32/33/34/35/47/48
31	Bérchules	6224	13		BERJA	ALMERIA	508504.97	4080152	800	25830	ACTIVO	01/01/1961 00:00:00	31/12/2012 00:00:00	29/30/31/32/33/34/35/47/48
32	Berja, Castala	6286	13		BERCHULES	GRANADA	483026.75	4092336.75	1319	25830	ACTIVO	01/01/1950 00:00:00	28/02/2010 00:00:00	29/30/31/32/33/34/35/47/48/60/62
33	Busquistar, Cortijo La Calahorra	6234E	2		BUSQUISTAR	GRANADA	474994.06	4093281.25	1400	25830	NO ACTIVO	01/01/1971 00:00:00	31/03/1988 00:00:00	29/30/31/32/33/34/35/43/47/48
34	Cadiar	6225	13		CAÑAR	GRANADA	461986.84	4087012.25	1071	25830	ACTIVO	01/01/1961 00:00:00	31/12/2012 00:00:00	29/30/31/32/33/34/35/47/48/60/62
35	Canjayar	6311	2		CADIAR	GRANADA	483761.69	4088791.5	916	25830	NO ACTIVO	01/11/1947 00:00:00	31/12/1990 00:00:00	29/30/31/32/33/34/35/47/48/60/62
36	Canjayar, Vivero Cristal	6312	2		CANJAYAR	ALMERIA	523070.53	4095895	610	25830	ACTIVO	01/01/1950 00:00:00	31/12/2012 00:00:00	29/30/31/32/33/34/35/43/47/48
37	Cañar, Los Jarales	6248	2		ALMOCITA	ALMERIA	518871.19	4094960.25	800	25830	NO ACTIVO	01/01/1945 00:00:00	31/12/1988 00:00:00	29/30/31/32/33/34/35/47/48
38	Capileira	6243A	2		LUJAR	GRANADA	467921.2	4090685.6	1335	25830	NO ACTIVO	01/11/1953 00:00:00	31/12/1990 00:00:00	29/30/31/32/33/34/35/43/47/48
39	Charches	6298I	2		FIÑANA	ALMERIA	508878.38	4113162.5	1773	25830	ACTIVO	01/01/1988 00:00:00	31/12/2019 00:00:00	29/30/31/32/33/34/35/43/47/48
40	Chimeneas, Santa Catalina	5528	14		CHIMENEAS	GRANADA	432107.97	4109696	760	25830	ACTIVO	01/06/1992 00:00:00	31/05/2010 00:00:00	29/30/31/32/33/34/35/47/48
41	Cogollos de Guadix	5110	2		COGOLLOS DE GUADIX	GRANADA	485792.91	4119912.25	1135	25830	ACTIVO	01/11/1921 00:00:00	31/05/2002 00:00:00	29/30/31/32/33/34/35/43/47/48
42	Cortes y Graena, Graena	5103	2		CORTES Y GRAENA	GRANADA	480391.5	4128552	971	25830	NO ACTIVO	01/01/1989 00:00:00	31/12/1991 00:00:00	29/30/31/32/33/34/35/43/47/48
43	Cortes y Graena, Lopera	5102	2		CORTES Y GRAENA	GRANADA	478756.76	4130813.76	939	25830	ACTIVO	01/02/1965 00:00:00	31/12/2019 00:00:00	29/30/31/32/33/34/35/43/47/48
44	Darro	5116	14		DARRO	GRANADA	474007.94	4134116.5	1120	25830	ACTIVO	01/12/1985 00:00:00	28/02/2009 00:00:00	29/30/31/32/33/34/35/47/48
45	Diezma	5115	14		DIEZMA	GRANADA	470673.69	4130429.5	1233	25830	ACTIVO	01/12/1985 00:00:00	30/06/2010 00:00:00	29/30/31/32/33/34/35/43/47/48
46	Dílar	5519	2		DILAR	GRANADA	446503.69	4103428.75	878	25830	NO ACTIVO	01/12/1985 00:00:00	31/03/1989 00:00:00	29/30/31/32/33/34/35/47/48
47	Dílar, Central Eléctrica	5517	2		DOLAR	GRANADA	500086.34	4112504.25	1550	25830	ACTIVO	01/06/1946 00:00:00	31/01/2020 00:00:00	29/30/31/32/33/34/35/43/47/48
48	Dílar, El Toril	5518	2		DILAR	GRANADA	447604.76	4102941.53	916	25830	ACTIVO	01/04/1957 00:00:00	31/12/2019 00:00:00	29/30/31/32/33/34/35/43/47/48
49	Dólar, Casa Forestal	5107	2		DILAR	GRANADA	449950	4102074	976	25830	NO ACTIVO	01/08/1956 00:00:00	31/12/1976 00:00:00	29/30/31/32/33/34/35/43/47/48
50	Doña María de Oca a Santillana	6304	2		TRES VILLAS (LAS)	ALMERIA	524279.66	4105143.25	1080	25830	NO ACTIVO	01/01/1961 00:00:00	31/05/1988 00:00:00	29/30/31/32/33/34/35/47/48
51	Dúrcal, Central	6252	2		DURCAL	GRANADA	450485.34	4096008.25	890	25830	NO ACTIVO	01/06/1946 00:00:00	31/01/1997 00:00:00	29/30/31/32/33/34/35/47/48/60/62
52	Dúrcal, Granja Escuela	6251E	2		DURCAL	GRANADA	448797.31	4094785.75	680	25830	NO ACTIVO	01/01/1985 00:00:00	31/03/1988 00:00:00	60/62/29/30/31/32/33/34/35/47/48
53	Dúrcal, Presa	6251	2		DURCAL	GRANADA	457718.84	4099359	1800	25830	NO ACTIVO	01/06/1946 00:00:00	31/12/1992 00:00:00	29/30/31/32/33/34/35/43/47/48
54	Énix	6295E	2		FIÑANA	ALMERIA	514019.69	4114056.75	950	25830	NO ACTIVO	01/01/1968 00:00:00	30/11/1992 00:00:00	29/30/31/32/33/34/35/47/48
55	Félix	6295	13		FELIX	ALMERIA	530540.13	4080510.75	812	25830	ACTIVO	01/02/1948 00:00:00	31/12/2012 00:00:00	29/30/31/32/33/34/35/47/48/60/62
56	Fiñana	6300	13		SANTA FE DE MONDUJAR	ALMERIA	542204	4099975	460	25830	ACTIVO	01/01/1965 00:00:00	31/12/2012 00:00:00	29/30/31/32/33/34/35/43/47/48
57	Fuente Santa	6317	2		ALHAMA DE ALMERIA	ALMERIA	535216.25	4087308.25	900	25830	NO ACTIVO	01/01/1961 00:00:00	30/04/1991 00:00:00	29/30/31/32/33/34/35/47/48
58	Gatuna	6318	2		GERGAL	ALMERIA	541051.88	4108290	758	25830	NO ACTIVO	01/01/1961 00:00:00	28/02/1995 00:00:00	29/30/31/32/33/34/35/47/48
59	Gergal	6315	13		ALBOLODUY	ALMERIA	535636.75	4104937	730	25830	ACTIVO	01/01/1961 00:00:00	31/05/2012 00:00:00	29/30/31/32/33/34/35/47/48
60	Gergal a Nacimiento, C.P.C.	6316	2		GRANADA	GRANADA	446822.56	4114829.5	690	25830	NO ACTIVO	01/01/1964 00:00:00	31/03/1988 00:00:00	29/30/31/32/33/34/35/47/48/60/62
61	Granada, C. de A.	5510	14		GRANADA	GRANADA	446586.75	4116526	720	25830	ACTIVO	01/12/1985 00:00:00	31/05/2010 00:00:00	29/30/31/32/33/34/35/43/47/48
62	Granada, Cartuja	5515	2		GRANADA	GRANADA	443428.28	4113871.75	640	25830	NO ACTIVO	01/02/1951 05:00:00	30/11/2004 06:00:00	29/30/31/32/33/34/35/43/47/48/60/62/36/37/40/44/49/11/12/13/14/56/61/63/64
63	Granada, Escuela de Capacitación	5510J	2		GRANADA	GRANADA	448433	4114637	810	25830	NO ACTIVO	01/04/1984 00:00:00	31/12/1988 00:00:00	60/62/29/30/31/32/33/34/35/43/47/48
64	Granada, Generalife	5510B	2		GRANADA	GRANADA	444450.19	4114074.25	650	25830	ACTIVO	01/05/1993 00:00:00	31/07/2010 00:00:00	29/30/31/32/33/34/35/47/48/60/62/43
65	Granada, La Rana	5510I	2		GUADIX	GRANADA	488022.75	4128229.5	915	25830	NO ACTIVO	01/05/1970 00:00:00	31/12/1977 00:00:00	60/62/29/30/31/32/33/34/35/43/47/48
66	Guadix, C. de A.	5112	2		GUADIX	GRANADA	488327	4127856	940	25830	ACTIVO	01/01/1918 00:00:00	29/02/2004 00:00:00	29/30/31/32/33/34/35/43/47/48
67	Guadix, Can-Ibice	5112B	2		GUADIX	GRANADA	489480.4	4126440	940	25830	ACTIVO	01/10/1985 00:00:00	31/12/2019 00:00:00	29/30/31/32/33/34/35/47/48/60/62
68	Guadix, El Castañuelo	5111O	2		GUADIX	GRANADA	487730	4128799	910	25830	NO ACTIVO	01/06/1985 00:00:00	31/12/1985 00:00:00	60/62
69	Guadix, Instituto Técnico	5112A	2		GUEJAR-SIERRA	GRANADA	461115.72	4112748	1084	25830	ACTIVO	01/01/1930 00:00:00	29/02/2020 00:00:00	29/30/31/32/33/34/35/43/47/48/60/62
70	Guájar, Faraguit	6261	2		GUAJARES (LOS)	GRANADA	447825.38	4077380.25	281	25830	NO ACTIVO	01/01/1961 00:00:00	30/09/1986 00:00:00	29/30/31/32/33/34/35/47/48
71	Guájar, Fondón	6262	13		GUAJARES (LOS)	GRANADA	448317	4076760.75	262	25830	ACTIVO	01/01/1965 00:00:00	31/12/2012 00:00:00	29/30/31/32/33/34/35/47/48
72	Guejar-Sierra	5501	14		HUENEJA	GRANADA	504524.94	4114662.75	1166	25830	ACTIVO	01/01/1989 00:00:00	31/03/2004 00:00:00	29/30/31/32/33/34/35/47/48/60/62
73	Hueneja, CHS	6299A	2		HUENEJA	GRANADA	504032.78	4112505.25	1278	25830	NO ACTIVO	01/05/1981 00:00:00	31/03/1986 00:00:00	29/30/31/32/33/34/35/43/47/48
74	Hueneja, La Ramblosa	6299E	2		HUETOR-SANTILLAN	GRANADA	462175.25	4128922.5	1200	25830	NO ACTIVO	01/01/1961 00:00:00	30/04/1990 00:00:00	29/30/31/32/33/34/35/43/47/48
75	Huétor - Santillán, El Molinillo	5099	2		HUETOR-SANTILLAN	GRANADA	465614.13	4127058.75	1300	25830	ACTIVO	01/12/1985 00:00:00	30/06/2002 00:00:00	29/30/31/32/33/34/35/47/48
76	Huétor - Santillán, La Sarguilla	5100	2		HUETOR-SANTILLAN	GRANADA	454122.31	4119409.25	1022	25830	NO ACTIVO	01/09/1956 00:00:00	31/07/1966 00:00:00	29/30/31/32/33/34/35/43/47/48
77	Huétor-Santillán	5509	14		HUETOR-SANTILLAN	GRANADA	454283.75	4119198.74	1038	25830	ACTIVO	01/12/1985 00:00:00	31/07/2010 00:00:00	29/30/31/32/33/34/35/47/48
78	Huétor-Santillán, Villa María	5509A	2		JEREZ DEL MARQUESADO	GRANADA	486031.94	4115443.5	1223	25830	ACTIVO	01/11/1993 00:00:00	31/07/2015 00:00:00	29/30/31/32/33/34/35/43/47/48/60/62
79	Jeres del Marquesado	5109	14		MALA (LA)	GRANADA	435909.16	4106584.25	709	25830	ACTIVO	01/12/1985 00:00:00	30/04/2010 00:00:00	29/30/31/32/33/34/35/47/48
80	La Mala	5526	2		PEZA (LA)	GRANADA	474719.97	4125485.5	1085	25830	NO ACTIVO	01/01/1962 00:00:00	30/04/1977 00:00:00	29/30/31/32/33/34/35/43/47/48
81	La Peza	5101	14		ZUBIA (LA)	GRANADA	447614	4108177	744	25830	ACTIVO	01/12/1985 00:00:00	30/06/2010 00:00:00	29/30/31/32/33/34/35/43/47/48
82	La Zubia	5514A	2		LANJARON	GRANADA	458049.72	4091345	1500	25830	ACTIVO	01/11/1992 00:00:00	31/01/2020 00:00:00	29/30/31/32/33/34/35/43/47/48
83	Lanjarón, Tello	6257	2		LAUJAR DE ANDARAX	ALMERIA	509973.91	4094328.75	921	25830	NO ACTIVO	01/01/1965 00:00:00	31/01/1997 00:00:00	29/30/31/32/33/34/35/47/48
84	Láujar	6309	13		LAUJAR DE ANDARAX	ALMERIA	507743.88	4100181.25	1800	25830	ACTIVO	01/12/1947 00:00:00	31/12/2012 00:00:00	29/30/31/32/33/34/35/47/48/60/62
85	Láujar, Cerecillo	6307	2		LAUJAR DE ANDARAX	ALMERIA	509300.01	4097807.85	1240	25830	ACTIVO	01/01/1950 00:00:00	31/03/2009 00:00:00	29/30/31/32/33/34/35/43/47/48/60/62
86	Láujar, Monterrey	6308	2		NEVADA	GRANADA	495884.91	4095402.5	1080	25830	ACTIVO	01/01/1950 00:00:00	29/02/2020 00:00:00	29/30/31/32/33/34/35/43/47/48/60/62
87	Mairena	6280U	2		ALPUJARRA DE LA SIERRA	GRANADA	486118.06	4092793.5	1200	25830	NO ACTIVO	01/01/1985 00:00:00	31/05/1992 00:00:00	29/30/31/32/33/34/35/43/47/48/60/62
88	Mecina Bombaron	6282	13		MONACHIL	GRANADA	451972.94	4109867.5	810	25830	ACTIVO	01/01/1961 00:00:00	31/12/2012 00:00:00	29/30/31/32/33/34/35/43/47/48
89	Monachil	5513	2		MONACHIL	GRANADA	458254.06	4107677	1280	25830	NO ACTIVO	01/06/1925 00:00:00	31/03/1994 00:00:00	29/30/31/32/33/34/35/43/47/48
90	Monachil, Cortijo Mimbres	5512	2		NACIMIENTO	ALMERIA	531061.81	4107014.5	595	25830	NO ACTIVO	01/01/1989 00:00:00	31/07/1998 00:00:00	29/30/31/32/33/34/35/47/48
91	Nacimiento	6305	13		NACIMIENTO	ALMERIA	528689.75	4115018.5	1190	25830	ACTIVO	01/02/1961 00:00:00	31/12/2012 00:00:00	29/30/31/32/33/34/35/47/48
92	Nacimiento, Gilma Moderno	6303	13		NIGUELAS	GRANADA	452125.53	4093225.5	942	25830	ACTIVO	01/01/1961 00:00:00	30/11/2010 00:00:00	29/30/31/32/33/34/35/47/48
93	Niguelas	6253	2		ENIX	ALMERIA	535488.06	4081454.5	723	25830	ACTIVO	01/02/1934 00:00:00	30/11/2016 00:00:00	29/30/31/32/33/34/35/43/47/48
94	Ohanes, Central Eléctrica	6310	13		OHANES	ALMERIA	522568.03	4098975.25	1000	25830	ACTIVO	01/01/1965 00:00:00	31/12/2010 00:00:00	29/30/31/32/33/34/35/47/48
95	Órgiva	6247	2		PADUL	GRANADA	444497	4097631	744	25830		01/01/1961 00:00:00	31/12/2019 00:00:00	29/30/31/32/33/34/35/43/47/48/60/62/2
96	Órjiva, Sierra de Lújar	6245	2		PADUL	GRANADA	446803	4097322	748	25830		01/11/1965 00:00:00	30/11/1977 00:00:00	29/30/31/32/33/34/35/47/48
97	Padul	6249	2		PAMPANEIRA	GRANADA	467684.72	4088991.75	1000	25830	ACTIVO	01/01/1961 00:00:00	31/12/2019 00:00:00	29/30/31/32/33/34/35/43/47/48/60/62/2
98	Padul, Aguadero	6250	2		QUENTAR	GRANADA	461139.19	4117833	975	25830	ACTIVO	01/05/1950 00:00:00	29/02/2020 00:00:00	29/30/31/32/33/34/35/43/47/48
99	Pampaneira, Central	6243E	2		PINOS-GENIL	GRANADA	455567.69	4113083.75	774	25830	NO ACTIVO	01/09/1972 00:00:00	31/12/1998 00:00:00	29/30/31/32/33/34/35/47/48
100	Pantano de Quentar	5506	14		PINOS-GENIL	GRANADA	453594.56	4113094.5	740	25830	ACTIVO	01/12/1985 00:00:00	31/12/2007 00:00:00	29/30/31/32/33/34/35/47/48/60/62
101	Pinos-Genil	5502	14		TAHA (LA)	GRANADA	471143.84	4087900.75	1240	25830	ACTIVO	01/12/1985 00:00:00	31/08/2010 00:00:00	29/30/31/32/33/34/35/47/48
102	Pinos-Genil, Acequia Gorda	5507	2		CAPILEIRA	GRANADA	467692.94	4091148.75	1530	25830	NO ACTIVO	01/12/1985 00:00:00	31/05/1991 00:00:00	29/30/31/32/33/34/35/47/48
103	Pitres	6243	2		BUSQUISTAR	GRANADA	472363	4088565	1279	25830	NO ACTIVO	01/11/1966 00:00:00	31/05/1996 00:00:00	29/30/31/32/33/34/35/47/48
104	Poqueira, Central Eléctrica	6242U	2		LANJARON	GRANADA	455632.47	4087782.5	1050	25830	NO ACTIVO	01/06/1972 00:00:00	31/12/1998 00:00:00	29/30/31/32/33/34/35/47/48
105	Portugos	6236	2		GUEJAR-SIERRA	GRANADA	457545.59	4112549.65	39	25830	ACTIVO	01/01/1961 00:00:00	31/12/2019 00:00:00	29/30/31/32/33/34/35/43/47/48
106	Posturas	6257O	2		DILAR	GRANADA	455886.91	4103374.5	1410	25830	ACTIVO	01/01/1989 00:00:00	29/02/2020 00:00:00	29/30/31/32/33/34/35/43/47/48/60/62
107	Presa de Canales	5501O	2		GUAJARES (LOS)	GRANADA	449059.56	4076664	235	25830	NO ACTIVO	01/01/1992 00:00:00	31/12/2003 00:00:00	29/30/31/32/33/34/35/47/48/60/62
108	Presa de Dílar	5516	2		QUENTAR	GRANADA	464111.69	4121209.5	1180	25830	NO ACTIVO	01/11/1992 00:00:00	31/05/1997 00:00:00	29/30/31/32/33/34/35/47/48
109	Presa de Vélez de Benaudalla	6263	2		QUENTAR	GRANADA	458666.63	4116303.75	872	25830	NO ACTIVO	01/04/1946 00:00:00	31/01/1987 00:00:00	29/30/31/32/33/34/35/47/48
110	Quentar, Aguas Blancas	5504A	2		QUENTAR	GRANADA	467194.13	4121813.25	1215	25830	NO ACTIVO	01/01/1966 00:00:00	31/12/1982 00:00:00	29/30/31/32/33/34/35/47/48
111	Quentar, ICONA	5506F	2				462653	4084197	462	25830	NO ACTIVO	01/05/1970 00:00:00	28/02/1987 00:00:00	29/30/31/32/33/34/35/43/47/48
112	Quentar, Tocón	5504	2		RIOJA	ALMERIA	548072	4088912.25	127	25830	ACTIVO	01/12/1955 00:00:00	31/12/2019 00:00:00	29/30/31/32/33/34/35/43/47/48
113	Rioja	6324	13				464164.19	4075292.75	1842	25830	ACTIVO	01/01/1961 00:00:00	31/12/2012 00:00:00	29/30/31/32/33/34/35/47/48
114	Santa Fé	5529	2		SANTA FE	GRANADA	436229.53	4116289.75	579	25830	ACTIVO	01/12/1985 00:00:00	31/08/2003 00:00:00	29/30/31/32/33/34/35/47/48
115	Soportújar, Casa Forestal	6246	2		SOPORTUJAR	GRANADA	463841.63	4088278.12	1244	25830	ACTIVO	01/01/1946 00:00:00	31/12/2012 00:00:00	29/30/31/32/33/34/35/47/48/60/62
116	Sorvilán	6274B	2		SORVILAN	GRANADA	476418	4072409	818	25830	ACTIVO	01/06/1987 00:00:00	31/01/2020 00:00:00	29/30/31/32/33/34/35/47/48
117	Torvizcón	6226	13		TORVIZCON	GRANADA	473349.94	4081422.25	684	25830	ACTIVO	01/01/1961 00:00:00	30/04/2012 00:00:00	29/30/31/32/33/34/35/47/48
118	Trévelez	6234	13		TREVELEZ	GRANADA	476235.75	4095280.75	1476	25830	ACTIVO	01/01/1965 00:00:00	31/12/2012 00:00:00	29/30/31/32/33/34/35/47/48
119	Turón	6284	13		TURON	GRANADA	494886.91	4079841.25	684	25830	ACTIVO	01/01/1934 00:00:00	31/12/2012 00:00:00	29/30/31/32/33/34/35/47/48
120	Ugíjar	6281	13		UGIJAR	GRANADA	495140.97	4091088.5	559	25830	ACTIVO	01/01/1961 00:00:00	30/09/2012 00:00:00	29/30/31/32/33/34/35/47/48/60/62
121	Valle del Zalabi, Charches	5113O	2		VALLE DE ZALABI	GRANADA	503839	4127718	1420	25830	ACTIVO	01/01/1980 00:00:00	31/12/2019 00:00:00	29/30/31/32/33/34/35/43/47/48
122	Vélez de Benaudalla, Central	6264	2		VALOR	GRANADA	493710	4095300	958	25830	NO ACTIVO	01/06/1946 00:00:00	31/03/1995 00:00:00	29/30/31/32/33/34/35/47/48
123	Velor - Nechite	6281E	2		VELEZ DE BENAUDALLA	GRANADA	454267.69	4077805.5	130	25830	ACTIVO	01/08/1990 00:00:00	31/01/2013 00:00:00	60/62/29/30/31/32/33/34/35/47/48
124	Abla	E190	3		ABRUCENA	ALMERIA	517365.31	4111635	885	25830	NO ACTIVO	31/12/1990 00:00:00	05/11/2014 00:00:00	28/79/80/81/11/49/64/70/82
125	Sierra Nevada, Monachil	E027	3		MONACHIL	GRANADA	465539.5	4105370.5	2660	25830	NO ACTIVO	08/01/1997 00:00:00	30/11/1997 00:00:00	11/49/64/70/79/80/81/82
126	Abla	6302A	3		ABRUCENA	ALMERIA	519688	4110799	882	25830	ACTIVO	31/12/2000 00:00:00	07/04/2020 00:00:00	49/81/82/13/29/30/31/32/33/34/35/36/37/38/39/40/41/42/44/45/46/47/48/64/67/68/69/70/79/7/8/9/10/11/24/25/26/27/28/12/14
127	Granada, Base Area	5514	4		ALHENDIN	GRANADA	443927	4110320	674	25830	ACTIVO	01/01/1951 05:00:00	30/11/2009 23:00:00	29/60/62/13/30/31/32/33/34/35/36/37/38/39/40/41/42/44/45/46/47/48/49/53/56/57/58/59/61/63/64/70/79/43/54/24/25/26/27/28/2/7/9/11/12/14/15/16/17/18/19/20/21/22/23/67/68/69/1/52/55
128	Lanjarn	6258	4		LANJARON	GRANADA	456227	4086645	706	25830	ACTIVO	01/01/1951 06:00:00	30/11/2009 06:00:00	60/15/29/30/31/32/33/34/35/43/47/48/62/3/4/5/2
129	Granada, Zaidn	5510A	4		GRANADA	GRANADA	446822.56	4114829.5	670	25830	NO ACTIVO	01/06/1961 05:00:00	31/12/1985 06:00:00	60/62/40/44/49/29/30/31/32/33/34/35/47/48/11/12/13/14/56/61/63/64
130	Granada, Sierra Nevada	5511E	4		MONACHIL	GRANADA	465526.47	4105641	2507	25830	NO ACTIVO	01/01/1965 06:00:00	28/02/1993 06:00:00	29/30/31/32/33/34/35/47/48/60/62/40/49/11/12/13/14/56/61/63/64
131	Avda. DE CADIZ	SIVA25	5		GRANADA	GRANADA	447003	4114818	671	25830	NO ACTIVO	29/05/1996 00:00:00	19/11/2005 00:00:00	11/28/53/64/70/79
132	BENAHADUX	SIVA60	5		BENAHADUX	ALMERIA	547904	4086685	145	25830	ACTIVO	11/07/2005 00:00:00	07/04/2020 00:00:00	11/53/64/70/79
133	CAMINO DE RONDA (A.G.)	SIVA24	5		GRANADA	GRANADA	446443	4114818	660	25830	NO ACTIVO	29/05/1996 00:00:00	31/01/2000 00:00:00	11/28/53/64/70/79
134	CAMPUS DE CARTUJA	SIVA57	5		GRANADA	GRANADA	447237	4116802	760	25830	NO ACTIVO	01/12/2005 00:00:00	29/06/2009 00:00:00	11/28/53/64/70/79
135	CONSTITUCION (P.F.)	SIVA23	5		GRANADA	GRANADA	446443	4114818	688	25830	NO ACTIVO	29/05/1996 00:00:00	17/03/2005 00:00:00	11/28/49/53/70/79/64
136	GRANADA-NORTE	SIVA22	5		GRANADA	GRANADA	445754	4117017	688	25830	ACTIVO	09/02/2000 00:00:00	07/04/2020 00:00:00	11/28/53/64/70/79
137	PASEOS UNIVERSITARIOS	SIVA58	5		GRANADA	GRANADA	446089	4115501	666	25830	NO ACTIVO	18/03/2005 00:00:00	19/03/2010 00:00:00	11/49/64/70/79
138	Cádiar	RIA1807	6		CADIAR	GRANADA	483724	4086564	928	25830	ACTIVO	05/09/2000 00:00:00	04/04/2020 00:00:00	11/49/53/64/70/79/6
139	Fiñana	RIA0405	6		FIÑANA	ALMERIA	514394	4112459	969	25830	ACTIVO	31/01/2000 00:00:00	04/04/2020 00:00:00	11/49/53/64/70/79/6
140	IFAPA Centro Camino del Purchil	RIA18101	6		GRANADA	GRANADA	443423	4114357	630	25830	ACTIVO	07/09/2005 00:00:00	04/04/2020 00:00:00	11/49/53/64/70/79/6
141	Jerez del Marquesado	RIA1806	6		JEREZ DEL MARQUESADO	GRANADA	486806	4116224	1202	25830	ACTIVO	05/09/2000 00:00:00	04/04/2020 00:00:00	11/49/53/64/70/79/6
142	Padul	RIA1810	6		PADUL	GRANADA	446712	4097327	759	25830	ACTIVO	25/01/2001 00:00:00	04/04/2020 00:00:00	49/64/11/53/70/79/6
143	Alhama de Almera	RAIFAL003	7		ALHAMA DE ALMERIA	ALMERIA	541141	4090711	360	25830	ACTIVO	10/01/1996 00:00:00	07/04/2020 00:00:00	65/66/11/49/53/58/64/79/71/72/73/74/75/76/77/78/82
144	Abla	RAIFAL006	7		ABLA	ALMERIA	520624	4111350	820	25830	ACTIVO	31/12/1995 00:00:00	31/03/2020 00:00:00	58/82/83/84/85/86/65/66/11/49/53/64/79
145	Laujar de Andarax	RAIFAL011	7		LAUJAR DE ANDARAX	ALMERIA	507140	4094853	1009	25830	ACTIVO	15/02/2009 00:00:00	07/04/2020 00:00:00	53/58/65/66/82/83/84/85/86/11/49/64/79
146	Guadix	RAIFGR002	7		GUADIX	GRANADA	491997	4126529	1000	25830	ACTIVO	03/01/1996 00:00:00	07/04/2020 00:00:00	53/58/82/65/66/11/49/64/79/71/72/73/74/75/76/77/78
147	Lecrn	RAIFGR005	7		LECRIN	GRANADA	452575	4096273	750	25830	ACTIVO	31/12/1995 00:00:00	30/03/2020 00:00:00	11/49/53/64/79/58/82/83/84/85/86/65/66
148	rjiva	RAIFGR007	7		ORJIVA	GRANADA	464512.17	4083544.93	367	25830	ACTIVO	31/12/1995 00:00:00	30/03/2020 00:00:00	11/49/53/64/79/58/82/83/84/85/86/65/66
149	Santa Fe	RAIFGR008	7		SANTA FE	GRANADA	438195.58	4116863.24	588	25830	ACTIVO	31/12/1995 00:00:00	07/04/2020 00:00:00	11/49/53/58/64/79/82/65/66/71/72/73/74/75/76/77/78
150	Ugjar	RAIFGR010	7		UGIJAR	GRANADA	498387.06	4090500.08	520	25830	ACTIVO	31/12/1995 00:00:00	30/03/2020 00:00:00	11/49/53/64/79/58/82/83/84/85/86/65/66
151	Cortijuela	SNEV292	8		MONACHIL	GRANADA	458329	4104756	1731	25830	ACTIVO	23/06/2006 08:00:00	26/07/2010 16:30:00	
152	Laguna Seca 1	SNEV323	8		HUENEJA	GRANADA	504239	4105977	2281	25830	ACTIVO	23/06/2009 22:00:00	08/01/2011 10:10:00	
153	Laguna Seca 2	SNEV324	8		HUENEJA	GRANADA	504239	4105977	2281	25830	ACTIVO	23/06/2009 22:00:00	26/09/2011 07:50:00	
154	Lanjarn	SNEV293	8		CAÑAR	GRANADA	462673	4094115	2415	25830	ACTIVO	05/08/2006 08:50:00	22/06/2008 22:00:00	
155	Borreguiles	CETURSA3	10		MONACHIL	GRANADA	465597	4103096	2672	25830	ACTIVO	31/08/1993 23:00:00	18/01/2011 11:01:00	11/49/64/70/79
156	Compresores	CETURSA4	10		DILAR	GRANADA	465492	4102017	2715	25830	ACTIVO	31/08/1993 23:00:00	18/01/2011 11:01:00	11/49/64/70/79
157	Monachil	CETURSA2	10		MONACHIL	GRANADA	465378	4103949	2436	25830	ACTIVO	18/08/2008 09:08:00	15/03/2009 11:03:00	11/49/64/70/79
158	Pradollano - Al Andalus	CETURSA1	10		MONACHIL	GRANADA	464745	4105511	2167	25830	ACTIVO	31/08/1993 23:00:00	18/01/2011 11:01:00	11/49/64/70/79
159	Stadium	CETURSA5	10		MONACHIL	GRANADA	466843	4102191	3017	25830	ACTIVO	31/08/1993 23:00:00	08/06/2006 10:06:00	11/49/64/70/79
160	Algibe de Montenegro	PSN01	12		NACIMIENTO	ALMERIA	526825	4107312	975	25830	ACTIVO	14/10/2008 01:10:00	13/10/2019 05:00:00	
161	Embarcadero	PSN02	12		LUGROS	GRANADA	477616	4116277	1530	25830	ACTIVO	14/10/2008 01:30:00	13/10/2019 05:10:00	
162	Piedra de los Soldados	PSN03	12		LUGROS	GRANADA	477273	4112692	2155	25830	ACTIVO	14/10/2008 01:40:00	13/10/2019 05:30:00	
163	Rambla de Guadix	PSN04	12		RAGOL	ALMERIA	528676	4097480	616	25830	ACTIVO	14/10/2008 01:50:00	13/10/2019 06:10:00	
164	El Encinar	PSN05	12		LAUJAR DE ANDARAX	ALMERIA	509292	4101036	1732	25830	ACTIVO	14/10/2008 02:00:00	13/10/2019 05:40:00	
165	Laguna Seca	PSN06	12		HUENEJA	GRANADA	504255	4105949	2300	25830	ACTIVO	14/10/2008 06:10:00	26/06/2019 16:10:00	
166	Robledal de Cáñar	PSN07	12		CAÑAR	GRANADA	461796	4089860	1735	25830	ACTIVO	14/10/2008 01:20:00	13/10/2019 06:00:00	
167	Veleta	PSN08	12		MONACHIL	GRANADA	467075	4102316	3097	25830	ACTIVO	09/10/2008 22:00:00	13/10/2019 04:30:00	
168	Abrucena, Los Jarales	6301	13		ABRUCENA	ALMERIA	519069.56	4116532	1100	25830	ACTIVO	01/01/1962 00:00:00	31/12/2012 00:00:00	29/30/31/32/33/34/35/43/47/48
169	Proyecto Gloria: CUP_E	CUPE	9		Capileira	Granada				25830		10/07/2001 18:00:00	30/06/2017 10:00:00	58
170	Proyecto Gloria: CUP_N	CUPN	9		Capileira	Granada				25830		10/07/2001 07:00:00	30/06/2017 12:00:00	58
171	Proyecto Gloria: CUP_S	CUPS	9		Capileira	Granada				25830		10/07/2001 15:00:00	30/06/2017 13:00:00	58
172	Proyecto Gloria: CUP_W	CUPW	9		Capileira	Granada				25830		10/07/2001 23:00:00	30/06/2017 13:00:00	58
173	Proyecto Gloria: MAC_E	MACE	9		Capileira	Granada				25830		24/07/2001 08:00:00	01/11/2015 22:00:00	58
174	Proyecto Gloria: MAC_N	MACN	9		Capileira	Granada				25830		24/07/2001 10:00:00	28/07/2017 21:00:00	58
175	Proyecto Gloria: MAC_S	MACS	9		Capileira	Granada				25830		24/07/2001 13:00:00	28/07/2017 19:00:00	58
176	Proyecto Gloria: MAC_W	MACW	9		Capileira	Granada				25830		24/07/2001 11:00:00	28/07/2017 20:00:00	58
177	Proyecto Gloria: PUL_E	PULE	9		Capileira	Granada				25830		24/06/2001 23:00:00	30/06/2017 16:00:00	58
178	Proyecto Gloria: PUL_N	PULN	9		Capileira	Granada				25830		24/06/2001 14:00:00	30/06/2017 17:00:00	58
179	Proyecto Gloria: PUL_S	PULS	9		Capileira	Granada				25830		24/06/2001 17:00:00	30/06/2017 16:00:00	58
180	Proyecto Gloria: PUL_W	PULW	9		Capileira	Granada				25830		25/06/2001 12:00:00	30/06/2017 15:00:00	58
181	Proyecto Gloria: TCA_E	TCAE	9		Lanjarón	Granada				25830		27/07/2001 13:00:00	15/07/2017 23:00:00	58
182	Proyecto Gloria: TCA_N	TCAN	9		Lanjarón	Granada				25830		27/07/2001 10:00:00	29/07/2017 14:00:00	58
183	Proyecto Gloria: TCA_S	TCAS	9		Lanjarón	Granada				25830		27/07/2001 12:00:00	29/07/2017 14:00:00	58
184	Proyecto Gloria: TCA_W	TCAW	9		Lanjarón	Granada				25830		27/07/2001 14:00:00	29/07/2017 15:00:00	58
185	Proyecto Gloria:	MORE	9							25830		08/09/2005 00:00:00	02/07/2019 23:00:00	58
186	Proyecto Gloria:	MORN	9							25830		08/09/2005 00:00:00	02/07/2019 23:00:00	58
187	Proyecto Gloria:	MORS	9							25830		08/09/2005 00:00:00	02/07/2019 23:00:00	58
188	Proyecto Gloria:	MORW	9							25830		08/09/2005 00:00:00	02/07/2019 23:00:00	58
189	Proyecto Gloria:	MIRE	9							25830		09/09/2005 00:00:00	14/07/2019 23:00:00	58
190	Proyecto Gloria:	MIRN	9							25830		09/09/2005 00:00:00	14/07/2019 23:00:00	58
191	Proyecto Gloria:	MIRS	9							25830		09/09/2005 00:00:00	14/07/2019 23:00:00	58
192	Proyecto Gloria:	MIRW	9							25830		09/09/2005 00:00:00	14/07/2019 23:00:00	58
193	Proyecto Gloria:	CUEE	9							25830		07/09/2005 00:00:00	16/07/2019 23:00:00	58
194	Proyecto Gloria:	CUEN	9							25830		07/09/2005 00:00:00	16/07/2019 23:00:00	58
195	Proyecto Gloria:	CUES	9							25830		07/09/2005 00:00:00	16/07/2019 23:00:00	58
196	Proyecto Gloria:	CUEW	9							25830		07/09/2005 00:00:00	16/07/2019 23:00:00	58
197	Proyecto Gloria:	DIEE	9							25830		07/09/2005 00:00:00	07/07/2019 23:00:00	58
198	Proyecto Gloria:	DIEN	9							25830		07/09/2005 00:00:00	07/07/2019 23:00:00	58
199	Proyecto Gloria:	DIES	9							25830		07/09/2005 00:00:00	07/07/2019 23:00:00	58
200	Proyecto Gloria:	DIEW	9							25830		07/09/2005 00:00:00	07/07/2019 23:00:00	58
201	Gergal, Almendras de Almería	6315D	2		GERGAL	ALMERIA	538115,62	4108169,02	758		ACTIVO	01/01/2013 00:00:00	29/02/2020 00:00:00	29/30/31/32/33/34/35/47/48
202	Granada, Universidad	5515A	2		GRANADA	GRANADA	446325,9	4116990	689		NO ACTIVO	01/01/1902 00:00:00	31/12/1939 00:00:00	29/30/31/32/33/34/35/47/48
203	Guájar Alto	6261D	2		GUAJARES (LOS)	GRANADA	444369,66	4078959,84	473		ACTIVO	01/05/2013 00:00:00	31/12/2019 00:00:00	29/30/31/32/33/34/35/47/48
204	Nívar	5539	2		NIVAR	GRANADA	448603,41	4123755,75	1055		NO ACTIVO	01/08/2010 00:00:00	31/08/2010 00:00:00	29/30/31/32/33/34/35/47/48
205	Dólar	5107D	3		DOLAR	GRANADA	501319,62	4115047,54	1197		ACTIVO	29/03/2017 00:00:00	31/01/2020 00:00:00	7/8/9/10/11/13/29/30/31/32/33/34/35/38/39/40/41/42/44/45/46/47/48/49/64
206	Granada, Cartuja, Automática Thies	5515X	3		GRANADA	GRANADA	447289	4116398	780		ACTIVO	01/12/2009 00:00:00	07/04/2020 00:00:00	29/30/31/32/33/34/35/36/37/38/39/40/41/42/44/45/46/47/48/49/81/82/7/8/9/10/11/13/64/67/68/69/70/79
207	Lanjarón, Automática Thies	6258X	3		LANJARON	GRANADA	456228	4086646	706		ACTIVO	10/03/2009 00:00:00	07/04/2020 00:00:00	7/8/9/10/11/13/29/30/31/32/33/34/35/38/39/40/41/42/44/45/46/47/48/49/64
208	Monachil, Albergue	5511	3		MONACHIL	GRANADA	465895,5	4105331,25	2507		ACTIVO	01/01/2011 00:00:00	31/01/2020 00:00:00	81/82/11/28/49/64/70/79
209	Sierra Nevada	5516D	3		DILAR	GRANADA	465500	4102189	2856		ACTIVO	11/12/2013 00:00:00	21/05/2018 00:00:00	11/49/50/64/70/79/81/82
210	Valor, Automática Thies	6281X	3		VALOR	GRANADA	493623	4095157	950		ACTIVO	24/06/2009 00:00:00	07/04/2020 00:00:00	7/8/9/10/11/13/29/30/31/32/33/34/35/38/39/40/41/42/44/45/46/47/48/49/64
211	Láujar de Andarax, Automática Thies	6307X	3		LAUJAR DE ANDARAX	ALMERIA	508055	4098179	1512		ACTIVO	25/03/2009 00:00:00	07/04/2020 00:00:00	49/64/81/82/7/8/9/10/11/13/29/30/31/32/33/34/35/36/37/38/39/40/41/42/44/45/46/47/48/67/68/69/70/79
212	Víznar	5515D	3		VIZNAR	GRANADA	452618	4121390	1230		ACTIVO	01/01/2011 00:00:00	07/04/2020 00:00:00	7/8/9/10/11/29/30/31/32/33/34/35/40/44/45/46/47/48/49/64/70/12/13/14/24/25/26/27/28/36/37/38/39/41/42/79
213	Huéneja	RIA18102	6		GRANADA	HUENEJA	503240	4118727	1110		ACTIVO	11/09/2014 00:00:00	04/04/2020 00:00:00	6/11/49/53/64/70/79
214	Cadiar, C.P.G.	C380	13		CADIAR	GRANADA	484021	4089099	940		ACTIVO	31/10/1940 00:00:00	30/09/2000 00:00:00	51
215	Charches	C405	13		VALLE DE ZALABI	GRANADA	503914	4127636	1420		ACTIVO	31/10/1940 00:00:00	30/09/2000 00:00:00	51
216	Dúrcal	C414	13		DURCAL	GRANADA	449791	4093701	782		ACTIVO	31/10/1940 00:00:00	30/09/2000 00:00:00	51
217	Órjiva, C.P.G.	C382	13		ORJIVA	GRANADA	462481	4084236	470		ACTIVO	31/10/1940 00:00:00	30/09/2000 00:00:00	51
218	Presa de Beznar	C392	13		LECRIN	GRANADA	452219	4085828	510		ACTIVO	31/10/1940 00:00:00	30/09/2000 00:00:00	51
219	Puntal	C398	13		PADUL	GRANADA	443398	4098826	840		ACTIVO	31/10/1940 00:00:00	30/09/2000 00:00:00	51
220	Trévelez, C.P.G.	C383	13		TREVELEZ	GRANADA	476494	4094971	1476		ACTIVO	31/10/1940 00:00:00	30/09/2000 00:00:00	51
221	ALDEIRE_G	P56	15		ALDEIRE	GRANADA	493930	4113060	1307		ACTIVO	30/04/2009 00:00:00	16/09/2018 00:00:00	49
222	TABLAS	N04	15		BAZA	GRANADA	519600	4126180	1919		ACTIVO	31/12/1999 00:00:00	16/09/2018 00:00:00	49
223	FCO_ABELLAN	E07	15		CORTES Y GRAENA	GRANADA	477752	4129995	982		ACTIVO	31/12/1999 00:00:00	16/09/2018 00:00:00	49
224	R_JANDULILLA	A05	15		DILAR	GRANADA	451044	4102432,01	1014		ACTIVO	15/01/2015 00:00:00	16/09/2018 00:00:00	49
225	DILAR_G	M29	15		DILAR	GRANADA	448385	4102735	941		NO ACTIVO	23/02/2009 00:00:00	11/12/2014 00:00:00	49
226	GUADIX	A01	15		GUADIX	GRANADA	487383	4130060	882		ACTIVO	31/12/1999 00:00:00	16/09/2018 00:00:00	49
227	MOLINILLO	P06	15		HUETOR-SANTILLAN	GRANADA	461980	4128800	1252		ACTIVO	31/12/1999 00:00:00	16/09/2018 00:00:00	49
228	MONACHIL	A36	15		MONACHIL	GRANADA	458092,99	4107386,14	1377		ACTIVO	16/09/2015 00:00:00	16/09/2018 00:00:00	49
229	MONACHIL_G	M30	15		MONACHIL	GRANADA	452550	4109645	848		NO ACTIVO	04/04/2008 00:00:00	31/08/2015 00:00:00	49
230	SRRA_NEVADA	N02	15		MONACHIL	GRANADA	464342	4105849	2067		ACTIVO	31/12/1999 00:00:00	16/09/2018 00:00:00	49
231	PADUL	P50	15		PADUL	GRANADA	445237	4097439	735		ACTIVO	03/03/2009 00:00:00	16/09/2018 00:00:00	49
232	PELIGROS_G	P58	15		PELIGROS	GRANADA	444755	4121745	748		ACTIVO	02/03/2009 00:00:00	16/09/2018 00:00:00	49
233	GENIL_CANALES_G	A23	15		PINOS-GENIL	GRANADA	456270	4113045	874		ACTIVO	04/11/2009 00:00:00	16/09/2018 00:00:00	49
234	CANALES	E41	15		PINOS-GENIL	GRANADA	457184	4112943	828		ACTIVO	31/12/1999 00:00:00	16/09/2018 00:00:00	49
235	QUENTAR	E42	15		QUENTAR	GRANADA	461128	4117745	1080		ACTIVO	31/12/1999 00:00:00	16/09/2018 00:00:00	49
236	LUJAR	S47	16		LUJAR	GRANADA	464258	4075267	1803		ACTIVO	31/12/2011 00:00:00	15/09/2018 00:00:00	49
237	BENAUDALLA	S50	16		VELEZ DE BENAUDALLA	GRANADA	453555	4078522	523		ACTIVO	31/12/2011 00:00:00	15/09/2018 00:00:00	49
238	RULES	S51	16		VELEZ DE BENAUDALLA	GRANADA	455895	4079358	256		ACTIVO	31/12/2011 00:00:00	15/09/2018 00:00:00	49
239	AZUD_VELEZ	S52	16		VELEZ DE BENAUDALLA	GRANADA	453451	4075849	122		ACTIVO	31/12/2011 00:00:00	15/09/2018 00:00:00	49
240	PADUL	S55	16		PADUL	GRANADA	440249	4099202	939		ACTIVO	31/12/2011 00:00:00	15/09/2018 00:00:00	49
241	BAYARCAL	S57	16		BAYARCAL	ALMERIA	500475	4097779	1130		ACTIVO	31/12/2011 00:00:00	15/09/2018 00:00:00	49
242	BENINAR	S58	16		BERJA	ALMERIA	497419	4081400	475		ACTIVO	31/12/2011 00:00:00	15/09/2018 00:00:00	49
243	MURTAS	S59	16		MURTAS	GRANADA	489438	4081395	1332		ACTIVO	31/12/2011 00:00:00	15/09/2018 00:00:00	49
244	LOS_GUAJARES	S61	16		GUAJARES (LOS)	GRANADA	444061	4078966	552		ACTIVO	31/12/2011 00:00:00	15/09/2018 00:00:00	49
245	ALBUÑUELAS	S63	16		ALBUÑUELAS	GRANADA	443027	4087105	893		ACTIVO	31/12/2011 00:00:00	15/09/2018 00:00:00	49
246	BEZNAR	S64	16		LECRIN	GRANADA	452242	4085648	459		ACTIVO	31/12/2011 00:00:00	15/09/2018 00:00:00	49
247	LANJARON	S65	16		LANJARON	GRANADA	458474	4091780	2008		ACTIVO	31/12/2011 00:00:00	15/09/2018 00:00:00	49
248	CAPILEIRA	S66	16		CAPILEIRA	GRANADA	468428	4093369	1531		ACTIVO	31/12/2011 00:00:00	15/09/2018 00:00:00	49
249	TREVELEZ	S67	16		TREVELEZ	GRANADA	476103	4093196	1336		ACTIVO	31/12/2011 00:00:00	15/09/2018 00:00:00	49
250	PTO_LA_RAGUA	S68	16		BAYARCAL	ALMERIA	499868	4103820	2211		ACTIVO	31/12/2011 00:00:00	15/09/2018 00:00:00	49
251	RIO_GUADALFEO	S69	16		TORVIZCON	GRANADA	473291	4083129	626		ACTIVO	31/12/2011 00:00:00	15/09/2018 00:00:00	49
252	CONTRAVIESA	S70	16		ALBONDON	GRANADA	481364	4079035	1184		ACTIVO	31/12/2011 00:00:00	15/09/2018 00:00:00	49
253	CASTALA	S71	16		BERJA	ALMERIA	505814	4081932	667		ACTIVO	31/12/2011 00:00:00	15/09/2018 00:00:00	49
254	S_GADOR	S76	16		DALIAS	ALMERIA	517689	4081616	2052		ACTIVO	31/12/2011 00:00:00	15/09/2018 00:00:00	49
255	FELIX	S77	16		FELIX	ALMERIA	530673	4080546	812		ACTIVO	31/12/2011 00:00:00	15/09/2018 00:00:00	49
256	RIO_ANDARAX_NAC	S90	16		TERQUE	ALMERIA	536490	4093048	270		ACTIVO	31/12/2011 00:00:00	15/09/2018 00:00:00	49
257	OHANES	S91	16		OHANES	ALMERIA	522163	4101338	1381		ACTIVO	31/12/2011 00:00:00	15/09/2018 00:00:00	49
258	FIÑANA	S92	16		FIÑANA	ALMERIA	514032	4113979	952		ACTIVO	31/12/2011 00:00:00	15/09/2018 00:00:00	49
259	RBLA_TABERNAS	S93	16		TABERNAS	ALMERIA	549623	4097053	274		ACTIVO	31/12/2011 00:00:00	15/09/2018 00:00:00	49
260	GERGAL	S94	16		GERGAL	ALMERIA	540648	4108070	730		ACTIVO	31/12/2011 00:00:00	15/09/2018 00:00:00	49
261	Huétor - Santillán	SERN22	17		VIZNAR	GRANADA	452700	4121650	1263		NO ACTIVO	19/05/1990 00:00:00	11/08/1993 00:00:00	11/14/28/49/53/64/70/79/82
262	Abla	SERN23	17		ABLA	ALMERIA	520500	4112000	812		NO ACTIVO	30/05/1992 00:00:00	11/08/1993 00:00:00	11/14/28/49/53/64/70/79/82
263	GRANADA	S56	16		LUGROS	GRANADA	477000	4115000	1739		NO ACTIVO	01/01/2011 00:00:00	31/12/2011 00:00:00	